id,dateAdded,dateUpdated,name,asins,brand,categories,primaryCategories,imageURLs,keys,manufacturer,manufacturerNumber,reviews.date,reviews.dateAdded,reviews.dateSeen,reviews.doRecommend,reviews.id,reviews.numHelpful,reviews.rating,reviews.sourceURLs,reviews.text,reviews.title,reviews.username,sourceURLs
AVqVGZO3nnc1JgDc3jGK,2017-03-03T16:56:05Z,2018-09-21T18:44:32Z,"Kindle Oasis E-reader with Leather Charging Cover - Merlot, 6 High-Resolution Display (300 ppi), Wi-Fi - Includes Special Offers",B00VINDBJK,Amazon,"eBook Readers,E-Readers & Accessories,Amazon Book Reader,Computers & Tablets,Amazon Ereaders,Kindle E-readers,E-Readers","Electronics,Media","https://images-na.ssl-images-amazon.com/images/I/514ZdtJAL5L.jpg,https://pisces.bbystatic.com/image2/BestBuy_US/images/products/5234/5234468_sa.jpg,http://pisces.bbystatic.com/image2/BestBuy_US/images/products/5234/5234468_sd.jpg,https://www.barcodable.com/images/barcode/0848719069587.png,http://pisces.bbystatic.com/image2/BestBuy_US/images/products/5234/5234468_sa.jpg,https://pisces.bbystatic.com/image2/BestBuy_US/images/products/5234/5234468_sd.jpg,https://www.upccodesearch.com/images/barcode/0848719069587.png","kindleoasisereaderwithleatherchargingcovermerlot6highresolutiondisplay300ppiwifiincludesspecialoffers/5234468,amazon/b00vindbjk,kindleoasisereaderwithleatherchargingcovermerlot6highresolutiondisplay300ppiwifiincludesspecialoffers/b00vindbjk,amazon/53003778,848719069587,0848719069587",Amazon,53-003778,2016-12-10T00:00:00.000Z,,"2017-04-26T00:00:00Z,2017-05-10T00:00:00Z,2017-06-04T00:00:00Z,2017-07-07T00:00:00Z",True,,6,5,"http://reviews.bestbuy.com/3545/5234468/reviews.htm?format=embedded&page=4,http://reviews.bestbuy.com/3545/5234468/reviews.htm?format=embedded&page=5","Even when I‚Äôm outside in bright sunlight, the words of the book I‚Äôm reading are still crystal clear. That alone makes the Kindle Oasis worth what it cost me.The Kindle Oasis wakes up in just seconds, and any book I choose instantly opens, ready to be read.It is the perfect size and isn‚Äôt heavy or bulky. I really do read for hours at a time. Sometimes I pace the floor while I read. Sometimes I‚Äôm on my elliptical machine when I read. And sometimes I‚Äôm sitting down. No matter what I‚Äôm doing, the Kindle Oasis remains comfortable to hold, and it is always easy on my eyes.When I receive a book that is in PDF, most of the time I can enlarge the words. If it won‚Äôt allow me to enlarge the words, I can change the orientation of the page and the words are automatically larger. I am able to make notes on the book if needed, and I can highlight words and/or passages.My merlot leather cover is attractive. When I flip it open, it is just like opening the cover of a book.How to Make the Battery LastOn the Kindle Oasis page, it says that its ‚Äúdual-battery charging system delivers months of battery life.‚Äù This was a huge thing for me. Instead of having to charge my tablet almost every day, I would be able to read for months without charging the Kindle!Is this how my Oasis has performed? Well, not so much. There are conditions that have to be met for the charge on your Oasis to last for two months.First, you have to limit your reading to thirty minutes a day. That one is impossible for me. There are days that I am only able to read for thirty minutes, but they don‚Äôt occur very often. My Kindle goes everywhere with me, and I use just about every spare moment to read.Second, the wireless needs to be turned off. That one is easy to do but not always easy to remember. The only time the wireless needs to be on is to download one or more books.Third, this is based on your light setting at 10. That is way too low for me. I keep my light setting anywhere from 16 to 18.I don‚Äôt limit my reading to thirty minutes a day, and I try to remember to keep my wireless turned off. My light setting is kept anywhere from 16 to 18, and I put my Kindle to sleep the second I‚Äôm done reading. So how long does a single charge last me? Ten days is the longest a charge has lasted me so far, but it would have kept a charge for several more days if I had remembered to turn my wireless off. Once I succeed in keeping my wireless off, I will let you know how long the charge lasts.Now, I don‚Äôt plug it in to charge as soon as the charge on the cover gets low. I allow my cover charge to go as low as it will possibly go and then the Kindle battery will start to drain since it can no longer charge from the cover. I allow it to drain down to about 50% before I plug the cover and Kindle into my computer to charge.The one thing that surprised me was that everything on the Oasis is in black and white. For some reason, I thought that maybe the book covers would appear in color. But since I bought the Oasis to read books on, color isn‚Äôt needed.Special offers do appear on my screen but only when my Kindle is going to sleep or waking up. They aren‚Äôt a distraction, and to be honest, they are kind of fun to look at. You can pay a higher price so they won‚Äôt appear on your Kindle if you would rather not see them.I asked myself some questions once I had my Kindle and knew just how it worked. If I had known before I bought my Kindle Oasis that the charge wouldn‚Äôt last for months, would I still have bought it? Yes, I would have. If I had known that everything would appear in black and white, would I still have bought it? Yes, I would have.",Reasons I Love My Kindle Oasis,ljbinion,"http://reviews.bestbuy.com/3545/5234468/reviews.htm?format=embedded&page=9,http://reviews.bestbuy.com/3545/5234468/reviews.htm?format=embedded&page=8,http://reviews.bestbuy.com/3545/5234468/reviews.htm?format=embedded&page=7,http://reviews.bestbuy.com/3545/5234468/reviews.htm?format=embedded&page=6,http://reviews.bestbuy.com/3545/5234468/reviews.htm?format=embedded,http://reviews.bestbuy.com/3545/5234468/reviews.htm?format=embedded&page=5,http://reviews.bestbuy.com/3545/5234468/reviews.htm?format=embedded&page=4,https://www.barcodable.com/upc/848719069587,http://reviews.bestbuy.com/3545/5234468/reviews.htm?format=embedded&page=3,http://www.bestbuy.com/site/products/5234468.p,http://www.bestbuy.com/site/amazon-kindle-oasis-merlot/5234468.p?skuId=5234468,http://reviews.bestbuy.com/3545/5234468/reviews.htm?format=embedded&page=2,https://www.upccodesearch.com/upc/848719069587"
AVqVGZO3nnc1JgDc3jGK,2017-03-03T16:56:05Z,2018-09-21T18:44:32Z,"Kindle Oasis E-reader with Leather Charging Cover - Merlot, 6 High-Resolution Display (300 ppi), Wi-Fi - Includes Special Offers",B00VINDBJK,Amazon,"eBook Readers,E-Readers & Accessories,Amazon Book Reader,Computers & Tablets,Amazon Ereaders,Kindle E-readers,E-Readers","Electronics,Media","https://images-na.ssl-images-amazon.com/images/I/514ZdtJAL5L.jpg,https://pisces.bbystatic.com/image2/BestBuy_US/images/products/5234/5234468_sa.jpg,http://pisces.bbystatic.com/image2/BestBuy_US/images/products/5234/5234468_sd.jpg,https://www.barcodable.com/images/barcode/0848719069587.png,http://pisces.bbystatic.com/image2/BestBuy_US/images/products/5234/5234468_sa.jpg,https://pisces.bbystatic.com/image2/BestBuy_US/images/products/5234/5234468_sd.jpg,https://www.upccodesearch.com/images/barcode/0848719069587.png","kindleoasisereaderwithleatherchargingcovermerlot6highresolutiondisplay300ppiwifiincludesspecialoffers/5234468,amazon/b00vindbjk,kindleoasisereaderwithleatherchargingcovermerlot6highresolutiondisplay300ppiwifiincludesspecialoffers/b00vindbjk,amazon/53003778,848719069587,0848719069587",Amazon,53-003778,2016-08-05T00:00:00.000Z,,"2017-03-31T00:00:00Z,2017-04-26T00:00:00Z,2017-05-10T00:00:00Z,2017-06-04T00:00:00Z,2017-07-07T00:00:00Z",True,,1,5,"http://reviews.bestbuy.com/3545/5234468/reviews.htm?format=embedded&page=5,http://reviews.bestbuy.com/3545/5234468/reviews.htm?format=embedded&page=6","The new design, compared to my old kindle paperwhite and voyage, looked weird when I first got my Kindle Oasis. After I used it for a while (5 hours), I felt the design was kind of make sense. When I hold it with one hand (right hand), the centre of gravity position was right in my hand, so there was less change that I drop the kindle on my face(when I was laying on my bed, it happened a lot with my kindle voyage)",decent design,Zigpig,"http://reviews.bestbuy.com/3545/5234468/reviews.htm?format=embedded&page=9,http://reviews.bestbuy.com/3545/5234468/reviews.htm?format=embedded&page=8,http://reviews.bestbuy.com/3545/5234468/reviews.htm?format=embedded&page=7,http://reviews.bestbuy.com/3545/5234468/reviews.htm?format=embedded&page=6,http://reviews.bestbuy.com/3545/5234468/reviews.htm?format=embedded,http://reviews.bestbuy.com/3545/5234468/reviews.htm?format=embedded&page=5,http://reviews.bestbuy.com/3545/5234468/reviews.htm?format=embedded&page=4,https://www.barcodable.com/upc/848719069587,http://reviews.bestbuy.com/3545/5234468/reviews.htm?format=embedded&page=3,http://www.bestbuy.com/site/products/5234468.p,http://www.bestbuy.com/site/amazon-kindle-oasis-merlot/5234468.p?skuId=5234468,http://reviews.bestbuy.com/3545/5234468/reviews.htm?format=embedded&page=2,https://www.upccodesearch.com/upc/848719069587"
AVqVGZO3nnc1JgDc3jGK,2017-03-03T16:56:05Z,2018-09-21T18:44:32Z,"Kindle Oasis E-reader with Leather Charging Cover - Merlot, 6 High-Resolution Display (300 ppi), Wi-Fi - Includes Special Offers",B00VINDBJK,Amazon,"eBook Readers,E-Readers & Accessories,Amazon Book Reader,Computers & Tablets,Amazon Ereaders,Kindle E-readers,E-Readers","Electronics,Media","https://images-na.ssl-images-amazon.com/images/I/514ZdtJAL5L.jpg,https://pisces.bbystatic.com/image2/BestBuy_US/images/products/5234/5234468_sa.jpg,http://pisces.bbystatic.com/image2/BestBuy_US/images/products/5234/5234468_sd.jpg,https://www.barcodable.com/images/barcode/0848719069587.png,http://pisces.bbystatic.com/image2/BestBuy_US/images/products/5234/5234468_sa.jpg,https://pisces.bbystatic.com/image2/BestBuy_US/images/products/5234/5234468_sd.jpg,https://www.upccodesearch.com/images/barcode/0848719069587.png","kindleoasisereaderwithleatherchargingcovermerlot6highresolutiondisplay300ppiwifiincludesspecialoffers/5234468,amazon/b00vindbjk,kindleoasisereaderwithleatherchargingcovermerlot6highresolutiondisplay300ppiwifiincludesspecialoffers/b00vindbjk,amazon/53003778,848719069587,0848719069587",Amazon,53-003778,2016-12-10T00:00:00.000Z,,"2017-04-26T00:00:00Z,2017-05-10T00:00:00Z,2017-06-04T00:00:00Z,2017-07-07T00:00:00Z",True,,0,4,"http://reviews.bestbuy.com/3545/5234468/reviews.htm?format=embedded&page=4,http://reviews.bestbuy.com/3545/5234468/reviews.htm?format=embedded&page=5",Easy to handle. Light weight. I like that it automatically shuts off when the cover is closed.,Good reader but expensive,gram,"http://reviews.bestbuy.com/3545/5234468/reviews.htm?format=embedded&page=9,http://reviews.bestbuy.com/3545/5234468/reviews.htm?format=embedded&page=8,http://reviews.bestbuy.com/3545/5234468/reviews.htm?format=embedded&page=7,http://reviews.bestbuy.com/3545/5234468/reviews.htm?format=embedded&page=6,http://reviews.bestbuy.com/3545/5234468/reviews.htm?format=embedded,http://reviews.bestbuy.com/3545/5234468/reviews.htm?format=embedded&page=5,http://reviews.bestbuy.com/3545/5234468/reviews.htm?format=embedded&page=4,https://www.barcodable.com/upc/848719069587,http://reviews.bestbuy.com/3545/5234468/reviews.htm?format=embedded&page=3,http://www.bestbuy.com/site/products/5234468.p,http://www.bestbuy.com/site/amazon-kindle-oasis-merlot/5234468.p?skuId=5234468,http://reviews.bestbuy.com/3545/5234468/reviews.htm?format=embedded&page=2,https://www.upccodesearch.com/upc/848719069587"
AVqVGZO3nnc1JgDc3jGK,2017-03-03T16:56:05Z,2018-09-21T18:44:32Z,"Kindle Oasis E-reader with Leather Charging Cover - Merlot, 6 High-Resolution Display (300 ppi), Wi-Fi - Includes Special Offers",B00VINDBJK,Amazon,"eBook Readers,E-Readers & Accessories,Amazon Book Reader,Computers & Tablets,Amazon Ereaders,Kindle E-readers,E-Readers","Electronics,Media","https://images-na.ssl-images-amazon.com/images/I/514ZdtJAL5L.jpg,https://pisces.bbystatic.com/image2/BestBuy_US/images/products/5234/5234468_sa.jpg,http://pisces.bbystatic.com/image2/BestBuy_US/images/products/5234/5234468_sd.jpg,https://www.barcodable.com/images/barcode/0848719069587.png,http://pisces.bbystatic.com/image2/BestBuy_US/images/products/5234/5234468_sa.jpg,https://pisces.bbystatic.com/image2/BestBuy_US/images/products/5234/5234468_sd.jpg,https://www.upccodesearch.com/images/barcode/0848719069587.png","kindleoasisereaderwithleatherchargingcovermerlot6highresolutiondisplay300ppiwifiincludesspecialoffers/5234468,amazon/b00vindbjk,kindleoasisereaderwithleatherchargingcovermerlot6highresolutiondisplay300ppiwifiincludesspecialoffers/b00vindbjk,amazon/53003778,848719069587,0848719069587",Amazon,53-003778,2017-06-03T00:00:00.000Z,,"2017-07-09T00:00:00Z,2017-07-07T00:00:00Z",True,,1,5,http://reviews.bestbuy.com/3545/5234468/reviews.htm?format=embedded,The new Kindle is a great gift and fantastic entertainment idea.,Great entertainment,HVAChelp,"http://reviews.bestbuy.com/3545/5234468/reviews.htm?format=embedded&page=9,http://reviews.bestbuy.com/3545/5234468/reviews.htm?format=embedded&page=8,http://reviews.bestbuy.com/3545/5234468/reviews.htm?format=embedded&page=7,http://reviews.bestbuy.com/3545/5234468/reviews.htm?format=embedded&page=6,http://reviews.bestbuy.com/3545/5234468/reviews.htm?format=embedded,http://reviews.bestbuy.com/3545/5234468/reviews.htm?format=embedded&page=5,http://reviews.bestbuy.com/3545/5234468/reviews.htm?format=embedded&page=4,https://www.barcodable.com/upc/848719069587,http://reviews.bestbuy.com/3545/5234468/reviews.htm?format=embedded&page=3,http://www.bestbuy.com/site/products/5234468.p,http://www.bestbuy.com/site/amazon-kindle-oasis-merlot/5234468.p?skuId=5234468,http://reviews.bestbuy.com/3545/5234468/reviews.htm?format=embedded&page=2,https://www.upccodesearch.com/upc/848719069587"
AVqVGZO3nnc1JgDc3jGK,2017-03-03T16:56:05Z,2018-09-21T18:44:32Z,"Kindle Oasis E-reader with Leather Charging Cover - Merlot, 6 High-Resolution Display (300 ppi), Wi-Fi - Includes Special Offers",B00VINDBJK,Amazon,"eBook Readers,E-Readers & Accessories,Amazon Book Reader,Computers & Tablets,Amazon Ereaders,Kindle E-readers,E-Readers","Electronics,Media","https://images-na.ssl-images-amazon.com/images/I/514ZdtJAL5L.jpg,https://pisces.bbystatic.com/image2/BestBuy_US/images/products/5234/5234468_sa.jpg,http://pisces.bbystatic.com/image2/BestBuy_US/images/products/5234/5234468_sd.jpg,https://www.barcodable.com/images/barcode/0848719069587.png,http://pisces.bbystatic.com/image2/BestBuy_US/images/products/5234/5234468_sa.jpg,https://pisces.bbystatic.com/image2/BestBuy_US/images/products/5234/5234468_sd.jpg,https://www.upccodesearch.com/images/barcode/0848719069587.png","kindleoasisereaderwithleatherchargingcovermerlot6highresolutiondisplay300ppiwifiincludesspecialoffers/5234468,amazon/b00vindbjk,kindleoasisereaderwithleatherchargingcovermerlot6highresolutiondisplay300ppiwifiincludesspecialoffers/b00vindbjk,amazon/53003778,848719069587,0848719069587",Amazon,53-003778,2016-05-27T00:00:00.000Z,,"2017-04-26T00:00:00Z,2017-05-10T00:00:00Z,2017-06-04T00:00:00Z,2017-07-07T00:00:00Z",True,,3,5,"http://reviews.bestbuy.com/3545/5234468/reviews.htm?format=embedded&page=6,http://reviews.bestbuy.com/3545/5234468/reviews.htm?format=embedded&page=7",This is the best kindle ereader yet. The size and weight make it perfect for comfortable reading. You will find yourself reading more books than ever with it.,Best Kindle Yet,RobDrob,"http://reviews.bestbuy.com/3545/5234468/reviews.htm?format=embedded&page=9,http://reviews.bestbuy.com/3545/5234468/reviews.htm?format=embedded&page=8,http://reviews.bestbuy.com/3545/5234468/reviews.htm?format=embedded&page=7,http://reviews.bestbuy.com/3545/5234468/reviews.htm?format=embedded&page=6,http://reviews.bestbuy.com/3545/5234468/reviews.htm?format=embedded,http://reviews.bestbuy.com/3545/5234468/reviews.htm?format=embedded&page=5,http://reviews.bestbuy.com/3545/5234468/reviews.htm?format=embedded&page=4,https://www.barcodable.com/upc/848719069587,http://reviews.bestbuy.com/3545/5234468/reviews.htm?format=embedded&page=3,http://www.bestbuy.com/site/products/5234468.p,http://www.bestbuy.com/site/amazon-kindle-oasis-merlot/5234468.p?skuId=5234468,http://reviews.bestbuy.com/3545/5234468/reviews.htm?format=embedded&page=2,https://www.upccodesearch.com/upc/848719069587"
AVqVGZO3nnc1JgDc3jGK,2017-03-03T16:56:05Z,2018-09-21T18:44:32Z,"Kindle Oasis E-reader with Leather Charging Cover - Merlot, 6 High-Resolution Display (300 ppi), Wi-Fi - Includes Special Offers",B00VINDBJK,Amazon,"eBook Readers,E-Readers & Accessories,Amazon Book Reader,Computers & Tablets,Amazon Ereaders,Kindle E-readers,E-Readers","Electronics,Media","https://images-na.ssl-images-amazon.com/images/I/514ZdtJAL5L.jpg,https://pisces.bbystatic.com/image2/BestBuy_US/images/products/5234/5234468_sa.jpg,http://pisces.bbystatic.com/image2/BestBuy_US/images/products/5234/5234468_sd.jpg,https://www.barcodable.com/images/barcode/0848719069587.png,http://pisces.bbystatic.com/image2/BestBuy_US/images/products/5234/5234468_sa.jpg,https://pisces.bbystatic.com/image2/BestBuy_US/images/products/5234/5234468_sd.jpg,https://www.upccodesearch.com/images/barcode/0848719069587.png","kindleoasisereaderwithleatherchargingcovermerlot6highresolutiondisplay300ppiwifiincludesspecialoffers/5234468,amazon/b00vindbjk,kindleoasisereaderwithleatherchargingcovermerlot6highresolutiondisplay300ppiwifiincludesspecialoffers/b00vindbjk,amazon/53003778,848719069587,0848719069587",Amazon,53-003778,2016-06-13T00:00:00.000Z,,"2017-03-31T00:00:00Z,2017-04-26T00:00:00Z,2017-05-10T00:00:00Z,2017-06-04T00:00:00Z,2017-07-07T00:00:00Z",True,,2,5,"http://reviews.bestbuy.com/3545/5234468/reviews.htm?format=embedded&page=5,http://reviews.bestbuy.com/3545/5234468/reviews.htm?format=embedded&page=6,http://reviews.bestbuy.com/3545/5234468/reviews.htm?format=embedded&page=7",Very nice Kindle with a great Battery life. My old kindle was not able to upgrade so I got the new Kindle and very pleased with the product. Arrived as promised from BESTBUY.COM.,Amazing Amazon,NIKE,"http://reviews.bestbuy.com/3545/5234468/reviews.htm?format=embedded&page=9,http://reviews.bestbuy.com/3545/5234468/reviews.htm?format=embedded&page=8,http://reviews.bestbuy.com/3545/5234468/reviews.htm?format=embedded&page=7,http://reviews.bestbuy.com/3545/5234468/reviews.htm?format=embedded&page=6,http://reviews.bestbuy.com/3545/5234468/reviews.htm?format=embedded,http://reviews.bestbuy.com/3545/5234468/reviews.htm?format=embedded&page=5,http://reviews.bestbuy.com/3545/5234468/reviews.htm?format=embedded&page=4,https://www.barcodable.com/upc/848719069587,http://reviews.bestbuy.com/3545/5234468/reviews.htm?format=embedded&page=3,http://www.bestbuy.com/site/products/5234468.p,http://www.bestbuy.com/site/amazon-kindle-oasis-merlot/5234468.p?skuId=5234468,http://reviews.bestbuy.com/3545/5234468/reviews.htm?format=embedded&page=2,https://www.upccodesearch.com/upc/848719069587"
AVqVGZO3nnc1JgDc3jGK,2017-03-03T16:56:05Z,2018-09-21T18:44:32Z,"Kindle Oasis E-reader with Leather Charging Cover - Merlot, 6 High-Resolution Display (300 ppi), Wi-Fi - Includes Special Offers",B00VINDBJK,Amazon,"eBook Readers,E-Readers & Accessories,Amazon Book Reader,Computers & Tablets,Amazon Ereaders,Kindle E-readers,E-Readers","Electronics,Media","https://images-na.ssl-images-amazon.com/images/I/514ZdtJAL5L.jpg,https://pisces.bbystatic.com/image2/BestBuy_US/images/products/5234/5234468_sa.jpg,http://pisces.bbystatic.com/image2/BestBuy_US/images/products/5234/5234468_sd.jpg,https://www.barcodable.com/images/barcode/0848719069587.png,http://pisces.bbystatic.com/image2/BestBuy_US/images/products/5234/5234468_sa.jpg,https://pisces.bbystatic.com/image2/BestBuy_US/images/products/5234/5234468_sd.jpg,https://www.upccodesearch.com/images/barcode/0848719069587.png","kindleoasisereaderwithleatherchargingcovermerlot6highresolutiondisplay300ppiwifiincludesspecialoffers/5234468,amazon/b00vindbjk,kindleoasisereaderwithleatherchargingcovermerlot6highresolutiondisplay300ppiwifiincludesspecialoffers/b00vindbjk,amazon/53003778,848719069587,0848719069587",Amazon,53-003778,2016-11-25T00:00:00.000Z,,"2017-04-26T00:00:00Z,2017-05-10T00:00:00Z,2017-06-04T00:00:00Z,2017-07-07T00:00:00Z",True,,0,5,"http://reviews.bestbuy.com/3545/5234468/reviews.htm?format=embedded&page=4,http://reviews.bestbuy.com/3545/5234468/reviews.htm?format=embedded&page=5","Wife love it, reads a lot and this is her go to reader.",great product,1244,"http://reviews.bestbuy.com/3545/5234468/reviews.htm?format=embedded&page=9,http://reviews.bestbuy.com/3545/5234468/reviews.htm?format=embedded&page=8,http://reviews.bestbuy.com/3545/5234468/reviews.htm?format=embedded&page=7,http://reviews.bestbuy.com/3545/5234468/reviews.htm?format=embedded&page=6,http://reviews.bestbuy.com/3545/5234468/reviews.htm?format=embedded,http://reviews.bestbuy.com/3545/5234468/reviews.htm?format=embedded&page=5,http://reviews.bestbuy.com/3545/5234468/reviews.htm?format=embedded&page=4,https://www.barcodable.com/upc/848719069587,http://reviews.bestbuy.com/3545/5234468/reviews.htm?format=embedded&page=3,http://www.bestbuy.com/site/products/5234468.p,http://www.bestbuy.com/site/amazon-kindle-oasis-merlot/5234468.p?skuId=5234468,http://reviews.bestbuy.com/3545/5234468/reviews.htm?format=embedded&page=2,https://www.upccodesearch.com/upc/848719069587"
AVqVGZO3nnc1JgDc3jGK,2017-03-03T16:56:05Z,2018-09-21T18:44:32Z,"Kindle Oasis E-reader with Leather Charging Cover - Merlot, 6 High-Resolution Display (300 ppi), Wi-Fi - Includes Special Offers",B00VINDBJK,Amazon,"eBook Readers,E-Readers & Accessories,Amazon Book Reader,Computers & Tablets,Amazon Ereaders,Kindle E-readers,E-Readers","Electronics,Media","https://images-na.ssl-images-amazon.com/images/I/514ZdtJAL5L.jpg,https://pisces.bbystatic.com/image2/BestBuy_US/images/products/5234/5234468_sa.jpg,http://pisces.bbystatic.com/image2/BestBuy_US/images/products/5234/5234468_sd.jpg,https://www.barcodable.com/images/barcode/0848719069587.png,http://pisces.bbystatic.com/image2/BestBuy_US/images/products/5234/5234468_sa.jpg,https://pisces.bbystatic.com/image2/BestBuy_US/images/products/5234/5234468_sd.jpg,https://www.upccodesearch.com/images/barcode/0848719069587.png","kindleoasisereaderwithleatherchargingcovermerlot6highresolutiondisplay300ppiwifiincludesspecialoffers/5234468,amazon/b00vindbjk,kindleoasisereaderwithleatherchargingcovermerlot6highresolutiondisplay300ppiwifiincludesspecialoffers/b00vindbjk,amazon/53003778,848719069587,0848719069587",Amazon,53-003778,2017-03-09T00:00:00.000Z,,"2017-06-04T00:00:00Z,2017-05-10T00:00:00Z,2017-04-26T00:00:00Z,2017-03-30T00:00:00Z,2017-03-15T00:00:00Z,2017-03-10T00:00:00Z,2017-07-07T00:00:00Z",False,,1,1,"http://reviews.bestbuy.com/3545/5234468/reviews.htm?format=embedded&page=2,http://reviews.bestbuy.com/3545/5234468/reviews.htm?format=embedded,http://reviews.bestbuy.com/3545/5234468/reviews.htm?format=embedded&page=3",This is not an upgrade by any means! My three year old kindle outperformed Oasis.Battery life better than a week with the lights on lowest setting Magnetic connector is poorly designed and grows weak Two pieces to keep up with; unsnaps constantly Amazon Customer Services promises it will resolved in an update,Horrible Battery Life,Jus10nHouston,"http://reviews.bestbuy.com/3545/5234468/reviews.htm?format=embedded&page=9,http://reviews.bestbuy.com/3545/5234468/reviews.htm?format=embedded&page=8,http://reviews.bestbuy.com/3545/5234468/reviews.htm?format=embedded&page=7,http://reviews.bestbuy.com/3545/5234468/reviews.htm?format=embedded&page=6,http://reviews.bestbuy.com/3545/5234468/reviews.htm?format=embedded,http://reviews.bestbuy.com/3545/5234468/reviews.htm?format=embedded&page=5,http://reviews.bestbuy.com/3545/5234468/reviews.htm?format=embedded&page=4,https://www.barcodable.com/upc/848719069587,http://reviews.bestbuy.com/3545/5234468/reviews.htm?format=embedded&page=3,http://www.bestbuy.com/site/products/5234468.p,http://www.bestbuy.com/site/amazon-kindle-oasis-merlot/5234468.p?skuId=5234468,http://reviews.bestbuy.com/3545/5234468/reviews.htm?format=embedded&page=2,https://www.upccodesearch.com/upc/848719069587"
AVqVGZO3nnc1JgDc3jGK,2017-03-03T16:56:05Z,2018-09-21T18:44:32Z,"Kindle Oasis E-reader with Leather Charging Cover - Merlot, 6 High-Resolution Display (300 ppi), Wi-Fi - Includes Special Offers",B00VINDBJK,Amazon,"eBook Readers,E-Readers & Accessories,Amazon Book Reader,Computers & Tablets,Amazon Ereaders,Kindle E-readers,E-Readers","Electronics,Media","https://images-na.ssl-images-amazon.com/images/I/514ZdtJAL5L.jpg,https://pisces.bbystatic.com/image2/BestBuy_US/images/products/5234/5234468_sa.jpg,http://pisces.bbystatic.com/image2/BestBuy_US/images/products/5234/5234468_sd.jpg,https://www.barcodable.com/images/barcode/0848719069587.png,http://pisces.bbystatic.com/image2/BestBuy_US/images/products/5234/5234468_sa.jpg,https://pisces.bbystatic.com/image2/BestBuy_US/images/products/5234/5234468_sd.jpg,https://www.upccodesearch.com/images/barcode/0848719069587.png","kindleoasisereaderwithleatherchargingcovermerlot6highresolutiondisplay300ppiwifiincludesspecialoffers/5234468,amazon/b00vindbjk,kindleoasisereaderwithleatherchargingcovermerlot6highresolutiondisplay300ppiwifiincludesspecialoffers/b00vindbjk,amazon/53003778,848719069587,0848719069587",Amazon,53-003778,2017-01-30T00:00:00.000Z,,"2017-03-31T00:00:00Z,2017-04-26T00:00:00Z,2017-05-10T00:00:00Z,2017-06-04T00:00:00Z,2017-07-07T00:00:00Z",True,,0,5,"http://reviews.bestbuy.com/3545/5234468/reviews.htm?format=embedded&page=2,http://reviews.bestbuy.com/3545/5234468/reviews.htm?format=embedded&page=3,http://reviews.bestbuy.com/3545/5234468/reviews.htm?format=embedded&page=4",Almost feels like reading a book in a light comforting way. Easy to carry around. Great on eyes and reading is enjoyable,Amazon Kindle is awesome,John,"http://reviews.bestbuy.com/3545/5234468/reviews.htm?format=embedded&page=9,http://reviews.bestbuy.com/3545/5234468/reviews.htm?format=embedded&page=8,http://reviews.bestbuy.com/3545/5234468/reviews.htm?format=embedded&page=7,http://reviews.bestbuy.com/3545/5234468/reviews.htm?format=embedded&page=6,http://reviews.bestbuy.com/3545/5234468/reviews.htm?format=embedded,http://reviews.bestbuy.com/3545/5234468/reviews.htm?format=embedded&page=5,http://reviews.bestbuy.com/3545/5234468/reviews.htm?format=embedded&page=4,https://www.barcodable.com/upc/848719069587,http://reviews.bestbuy.com/3545/5234468/reviews.htm?format=embedded&page=3,http://www.bestbuy.com/site/products/5234468.p,http://www.bestbuy.com/site/amazon-kindle-oasis-merlot/5234468.p?skuId=5234468,http://reviews.bestbuy.com/3545/5234468/reviews.htm?format=embedded&page=2,https://www.upccodesearch.com/upc/848719069587"
AVqVGZO3nnc1JgDc3jGK,2017-03-03T16:56:05Z,2018-09-21T18:44:32Z,"Kindle Oasis E-reader with Leather Charging Cover - Merlot, 6 High-Resolution Display (300 ppi), Wi-Fi - Includes Special Offers",B00VINDBJK,Amazon,"eBook Readers,E-Readers & Accessories,Amazon Book Reader,Computers & Tablets,Amazon Ereaders,Kindle E-readers,E-Readers","Electronics,Media","https://images-na.ssl-images-amazon.com/images/I/514ZdtJAL5L.jpg,https://pisces.bbystatic.com/image2/BestBuy_US/images/products/5234/5234468_sa.jpg,http://pisces.bbystatic.com/image2/BestBuy_US/images/products/5234/5234468_sd.jpg,https://www.barcodable.com/images/barcode/0848719069587.png,http://pisces.bbystatic.com/image2/BestBuy_US/images/products/5234/5234468_sa.jpg,https://pisces.bbystatic.com/image2/BestBuy_US/images/products/5234/5234468_sd.jpg,https://www.upccodesearch.com/images/barcode/0848719069587.png","kindleoasisereaderwithleatherchargingcovermerlot6highresolutiondisplay300ppiwifiincludesspecialoffers/5234468,amazon/b00vindbjk,kindleoasisereaderwithleatherchargingcovermerlot6highresolutiondisplay300ppiwifiincludesspecialoffers/b00vindbjk,amazon/53003778,848719069587,0848719069587",Amazon,53-003778,2017-06-16T00:00:00.000Z,,"2017-07-09T00:00:00Z,2017-07-07T00:00:00Z",True,,0,4,http://reviews.bestbuy.com/3545/5234468/reviews.htm?format=embedded,"This kindle is awesome. I love the design of it. Nothing software wise that was different than my other kindle but the way it's designed makes it much more comfortable and easier to read. The only reason I didn't give it five stars was because of the price. If it were cheaper, this kindle would have been five stars no doubt.",Great kindle,Brandon,"http://reviews.bestbuy.com/3545/5234468/reviews.htm?format=embedded&page=9,http://reviews.bestbuy.com/3545/5234468/reviews.htm?format=embedded&page=8,http://reviews.bestbuy.com/3545/5234468/reviews.htm?format=embedded&page=7,http://reviews.bestbuy.com/3545/5234468/reviews.htm?format=embedded&page=6,http://reviews.bestbuy.com/3545/5234468/reviews.htm?format=embedded,http://reviews.bestbuy.com/3545/5234468/reviews.htm?format=embedded&page=5,http://reviews.bestbuy.com/3545/5234468/reviews.htm?format=embedded&page=4,https://www.barcodable.com/upc/848719069587,http://reviews.bestbuy.com/3545/5234468/reviews.htm?format=embedded&page=3,http://www.bestbuy.com/site/products/5234468.p,http://www.bestbuy.com/site/amazon-kindle-oasis-merlot/5234468.p?skuId=5234468,http://reviews.bestbuy.com/3545/5234468/reviews.htm?format=embedded&page=2,https://www.upccodesearch.com/upc/848719069587"
AVqVGZO3nnc1JgDc3jGK,2017-03-03T16:56:05Z,2018-09-21T18:44:32Z,"Kindle Oasis E-reader with Leather Charging Cover - Merlot, 6 High-Resolution Display (300 ppi), Wi-Fi - Includes Special Offers",B00VINDBJK,Amazon,"eBook Readers,E-Readers & Accessories,Amazon Book Reader,Computers & Tablets,Amazon Ereaders,Kindle E-readers,E-Readers","Electronics,Media","https://images-na.ssl-images-amazon.com/images/I/514ZdtJAL5L.jpg,https://pisces.bbystatic.com/image2/BestBuy_US/images/products/5234/5234468_sa.jpg,http://pisces.bbystatic.com/image2/BestBuy_US/images/products/5234/5234468_sd.jpg,https://www.barcodable.com/images/barcode/0848719069587.png,http://pisces.bbystatic.com/image2/BestBuy_US/images/products/5234/5234468_sa.jpg,https://pisces.bbystatic.com/image2/BestBuy_US/images/products/5234/5234468_sd.jpg,https://www.upccodesearch.com/images/barcode/0848719069587.png","kindleoasisereaderwithleatherchargingcovermerlot6highresolutiondisplay300ppiwifiincludesspecialoffers/5234468,amazon/b00vindbjk,kindleoasisereaderwithleatherchargingcovermerlot6highresolutiondisplay300ppiwifiincludesspecialoffers/b00vindbjk,amazon/53003778,848719069587,0848719069587",Amazon,53-003778,2017-02-24T00:00:00.000Z,,"2017-06-04T00:00:00Z,2017-05-10T00:00:00Z,2017-04-26T00:00:00Z,2017-03-30T00:00:00Z,2017-03-15T00:00:00Z,2017-03-10T00:00:00Z,2017-03-04T00:00:00Z,2017-07-07T00:00:00Z",True,,0,5,"http://reviews.bestbuy.com/3545/5234468/reviews.htm?format=embedded&page=2,http://reviews.bestbuy.com/3545/5234468/reviews.htm?format=embedded,http://reviews.bestbuy.com/3545/5234468/reviews.htm?format=embedded&page=3","Its a great ereader but a little pricy. It has the same specs as the Voyage as far as pixels and procesor, which costs less. The only difference between this and the Voyage, is that it's much lighter, it's brighter (LEDs), and a longer battery life if you're using the cover. I've noticed the battery life drains much faster without the cover, but you'll still be able to read for hours without it. You would think it be water resistant, hence the name but it isn't. But then I don't plan on reading when it's raining or outside or while taking a bath. Overall, it's the best ereader Amazon currently has to offer but if you don't mind the price tag and want the best, then go for it! Voyage is still not a bad option though",Best Kindle yet,JLT421,"http://reviews.bestbuy.com/3545/5234468/reviews.htm?format=embedded&page=9,http://reviews.bestbuy.com/3545/5234468/reviews.htm?format=embedded&page=8,http://reviews.bestbuy.com/3545/5234468/reviews.htm?format=embedded&page=7,http://reviews.bestbuy.com/3545/5234468/reviews.htm?format=embedded&page=6,http://reviews.bestbuy.com/3545/5234468/reviews.htm?format=embedded,http://reviews.bestbuy.com/3545/5234468/reviews.htm?format=embedded&page=5,http://reviews.bestbuy.com/3545/5234468/reviews.htm?format=embedded&page=4,https://www.barcodable.com/upc/848719069587,http://reviews.bestbuy.com/3545/5234468/reviews.htm?format=embedded&page=3,http://www.bestbuy.com/site/products/5234468.p,http://www.bestbuy.com/site/amazon-kindle-oasis-merlot/5234468.p?skuId=5234468,http://reviews.bestbuy.com/3545/5234468/reviews.htm?format=embedded&page=2,https://www.upccodesearch.com/upc/848719069587"
AVqVGZO3nnc1JgDc3jGK,2017-03-03T16:56:05Z,2018-09-21T18:44:32Z,"Kindle Oasis E-reader with Leather Charging Cover - Merlot, 6 High-Resolution Display (300 ppi), Wi-Fi - Includes Special Offers",B00VINDBJK,Amazon,"eBook Readers,E-Readers & Accessories,Amazon Book Reader,Computers & Tablets,Amazon Ereaders,Kindle E-readers,E-Readers","Electronics,Media","https://images-na.ssl-images-amazon.com/images/I/514ZdtJAL5L.jpg,https://pisces.bbystatic.com/image2/BestBuy_US/images/products/5234/5234468_sa.jpg,http://pisces.bbystatic.com/image2/BestBuy_US/images/products/5234/5234468_sd.jpg,https://www.barcodable.com/images/barcode/0848719069587.png,http://pisces.bbystatic.com/image2/BestBuy_US/images/products/5234/5234468_sa.jpg,https://pisces.bbystatic.com/image2/BestBuy_US/images/products/5234/5234468_sd.jpg,https://www.upccodesearch.com/images/barcode/0848719069587.png","kindleoasisereaderwithleatherchargingcovermerlot6highresolutiondisplay300ppiwifiincludesspecialoffers/5234468,amazon/b00vindbjk,kindleoasisereaderwithleatherchargingcovermerlot6highresolutiondisplay300ppiwifiincludesspecialoffers/b00vindbjk,amazon/53003778,848719069587,0848719069587",Amazon,53-003778,2017-06-30T00:00:00.000Z,,"2017-07-09T00:00:00Z,2017-07-07T00:00:00Z",True,,0,5,http://reviews.bestbuy.com/3545/5234468/reviews.htm?format=embedded,I like this so much more than the Voyage. The shape makes for easier holding. I only wish this devise was maybe 2 inches taller then it would look like a real book,In love,kcladyz,"http://reviews.bestbuy.com/3545/5234468/reviews.htm?format=embedded&page=9,http://reviews.bestbuy.com/3545/5234468/reviews.htm?format=embedded&page=8,http://reviews.bestbuy.com/3545/5234468/reviews.htm?format=embedded&page=7,http://reviews.bestbuy.com/3545/5234468/reviews.htm?format=embedded&page=6,http://reviews.bestbuy.com/3545/5234468/reviews.htm?format=embedded,http://reviews.bestbuy.com/3545/5234468/reviews.htm?format=embedded&page=5,http://reviews.bestbuy.com/3545/5234468/reviews.htm?format=embedded&page=4,https://www.barcodable.com/upc/848719069587,http://reviews.bestbuy.com/3545/5234468/reviews.htm?format=embedded&page=3,http://www.bestbuy.com/site/products/5234468.p,http://www.bestbuy.com/site/amazon-kindle-oasis-merlot/5234468.p?skuId=5234468,http://reviews.bestbuy.com/3545/5234468/reviews.htm?format=embedded&page=2,https://www.upccodesearch.com/upc/848719069587"
AVqVGZO3nnc1JgDc3jGK,2017-03-03T16:56:05Z,2018-09-21T18:44:32Z,"Kindle Oasis E-reader with Leather Charging Cover - Merlot, 6 High-Resolution Display (300 ppi), Wi-Fi - Includes Special Offers",B00VINDBJK,Amazon,"eBook Readers,E-Readers & Accessories,Amazon Book Reader,Computers & Tablets,Amazon Ereaders,Kindle E-readers,E-Readers","Electronics,Media","https://images-na.ssl-images-amazon.com/images/I/514ZdtJAL5L.jpg,https://pisces.bbystatic.com/image2/BestBuy_US/images/products/5234/5234468_sa.jpg,http://pisces.bbystatic.com/image2/BestBuy_US/images/products/5234/5234468_sd.jpg,https://www.barcodable.com/images/barcode/0848719069587.png,http://pisces.bbystatic.com/image2/BestBuy_US/images/products/5234/5234468_sa.jpg,https://pisces.bbystatic.com/image2/BestBuy_US/images/products/5234/5234468_sd.jpg,https://www.upccodesearch.com/images/barcode/0848719069587.png","kindleoasisereaderwithleatherchargingcovermerlot6highresolutiondisplay300ppiwifiincludesspecialoffers/5234468,amazon/b00vindbjk,kindleoasisereaderwithleatherchargingcovermerlot6highresolutiondisplay300ppiwifiincludesspecialoffers/b00vindbjk,amazon/53003778,848719069587,0848719069587",Amazon,53-003778,2017-04-07T00:00:00.000Z,,"2017-07-07T00:00:00Z,2017-06-01T00:00:00Z,2017-05-09T00:00:00Z,2017-05-01T00:00:00Z",True,,0,4,"http://reviews.bestbuy.com/3545/5234468/reviews.htm?format=embedded&page=2,http://reviews.bestbuy.com/3545/5234468/reviews.htm?format=embedded","Got me reading again! Love the merlot cover. This one is the smallest of all the kindle products I believe, and that's a big reason I picked. Also the lightest I believe. Battery life is forever.Two negative points are the Amazon logo in the cover, and the fact you can't do inverted text (black background white text).Those 2 points dropped it from 4 to 5 star for me.Still highly recommended.",Excellent product.,drdread,"http://reviews.bestbuy.com/3545/5234468/reviews.htm?format=embedded&page=9,http://reviews.bestbuy.com/3545/5234468/reviews.htm?format=embedded&page=8,http://reviews.bestbuy.com/3545/5234468/reviews.htm?format=embedded&page=7,http://reviews.bestbuy.com/3545/5234468/reviews.htm?format=embedded&page=6,http://reviews.bestbuy.com/3545/5234468/reviews.htm?format=embedded,http://reviews.bestbuy.com/3545/5234468/reviews.htm?format=embedded&page=5,http://reviews.bestbuy.com/3545/5234468/reviews.htm?format=embedded&page=4,https://www.barcodable.com/upc/848719069587,http://reviews.bestbuy.com/3545/5234468/reviews.htm?format=embedded&page=3,http://www.bestbuy.com/site/products/5234468.p,http://www.bestbuy.com/site/amazon-kindle-oasis-merlot/5234468.p?skuId=5234468,http://reviews.bestbuy.com/3545/5234468/reviews.htm?format=embedded&page=2,https://www.upccodesearch.com/upc/848719069587"
AVqVGZO3nnc1JgDc3jGK,2017-03-03T16:56:05Z,2018-09-21T18:44:32Z,"Kindle Oasis E-reader with Leather Charging Cover - Merlot, 6 High-Resolution Display (300 ppi), Wi-Fi - Includes Special Offers",B00VINDBJK,Amazon,"eBook Readers,E-Readers & Accessories,Amazon Book Reader,Computers & Tablets,Amazon Ereaders,Kindle E-readers,E-Readers","Electronics,Media","https://images-na.ssl-images-amazon.com/images/I/514ZdtJAL5L.jpg,https://pisces.bbystatic.com/image2/BestBuy_US/images/products/5234/5234468_sa.jpg,http://pisces.bbystatic.com/image2/BestBuy_US/images/products/5234/5234468_sd.jpg,https://www.barcodable.com/images/barcode/0848719069587.png,http://pisces.bbystatic.com/image2/BestBuy_US/images/products/5234/5234468_sa.jpg,https://pisces.bbystatic.com/image2/BestBuy_US/images/products/5234/5234468_sd.jpg,https://www.upccodesearch.com/images/barcode/0848719069587.png","kindleoasisereaderwithleatherchargingcovermerlot6highresolutiondisplay300ppiwifiincludesspecialoffers/5234468,amazon/b00vindbjk,kindleoasisereaderwithleatherchargingcovermerlot6highresolutiondisplay300ppiwifiincludesspecialoffers/b00vindbjk,amazon/53003778,848719069587,0848719069587",Amazon,53-003778,2016-05-27T00:00:00.000Z,,"2017-04-26T00:00:00Z,2017-05-10T00:00:00Z,2017-06-04T00:00:00Z,2017-07-07T00:00:00Z",True,,5,5,"http://reviews.bestbuy.com/3545/5234468/reviews.htm?format=embedded&page=7,http://reviews.bestbuy.com/3545/5234468/reviews.htm?format=embedded&page=8","I have used Kindle e-readers since Amazon introduced them years ago. All are good products and each new model has been a worthwhile upgrade. The Oasis is no exception, even from the highly touted Voyage model. It is expensive but the lightweight design, improved backlighting and battery cover are worth the additional expense for someone who reads frequently. This is definitely a good investment!",The reviews are right-this is the best Kindle ever,rlmgolfer,"http://reviews.bestbuy.com/3545/5234468/reviews.htm?format=embedded&page=9,http://reviews.bestbuy.com/3545/5234468/reviews.htm?format=embedded&page=8,http://reviews.bestbuy.com/3545/5234468/reviews.htm?format=embedded&page=7,http://reviews.bestbuy.com/3545/5234468/reviews.htm?format=embedded&page=6,http://reviews.bestbuy.com/3545/5234468/reviews.htm?format=embedded,http://reviews.bestbuy.com/3545/5234468/reviews.htm?format=embedded&page=5,http://reviews.bestbuy.com/3545/5234468/reviews.htm?format=embedded&page=4,https://www.barcodable.com/upc/848719069587,http://reviews.bestbuy.com/3545/5234468/reviews.htm?format=embedded&page=3,http://www.bestbuy.com/site/products/5234468.p,http://www.bestbuy.com/site/amazon-kindle-oasis-merlot/5234468.p?skuId=5234468,http://reviews.bestbuy.com/3545/5234468/reviews.htm?format=embedded&page=2,https://www.upccodesearch.com/upc/848719069587"
AVqVGZO3nnc1JgDc3jGK,2017-03-03T16:56:05Z,2018-09-21T18:44:32Z,"Kindle Oasis E-reader with Leather Charging Cover - Merlot, 6 High-Resolution Display (300 ppi), Wi-Fi - Includes Special Offers",B00VINDBJK,Amazon,"eBook Readers,E-Readers & Accessories,Amazon Book Reader,Computers & Tablets,Amazon Ereaders,Kindle E-readers,E-Readers","Electronics,Media","https://images-na.ssl-images-amazon.com/images/I/514ZdtJAL5L.jpg,https://pisces.bbystatic.com/image2/BestBuy_US/images/products/5234/5234468_sa.jpg,http://pisces.bbystatic.com/image2/BestBuy_US/images/products/5234/5234468_sd.jpg,https://www.barcodable.com/images/barcode/0848719069587.png,http://pisces.bbystatic.com/image2/BestBuy_US/images/products/5234/5234468_sa.jpg,https://pisces.bbystatic.com/image2/BestBuy_US/images/products/5234/5234468_sd.jpg,https://www.upccodesearch.com/images/barcode/0848719069587.png","kindleoasisereaderwithleatherchargingcovermerlot6highresolutiondisplay300ppiwifiincludesspecialoffers/5234468,amazon/b00vindbjk,kindleoasisereaderwithleatherchargingcovermerlot6highresolutiondisplay300ppiwifiincludesspecialoffers/b00vindbjk,amazon/53003778,848719069587,0848719069587",Amazon,53-003778,2016-05-28T00:00:00.000Z,,"2017-03-31T00:00:00Z,2017-04-26T00:00:00Z,2017-05-10T00:00:00Z,2017-06-04T00:00:00Z,2017-07-07T00:00:00Z",True,,3,5,"http://reviews.bestbuy.com/3545/5234468/reviews.htm?format=embedded&page=5,http://reviews.bestbuy.com/3545/5234468/reviews.htm?format=embedded&page=6,http://reviews.bestbuy.com/3545/5234468/reviews.htm?format=embedded&page=7","I purchased this as a gift for my wife and she loves it. She has an older Kindle, and she can't believe how much better the Oasis is.",Fantastic,grayson41,"http://reviews.bestbuy.com/3545/5234468/reviews.htm?format=embedded&page=9,http://reviews.bestbuy.com/3545/5234468/reviews.htm?format=embedded&page=8,http://reviews.bestbuy.com/3545/5234468/reviews.htm?format=embedded&page=7,http://reviews.bestbuy.com/3545/5234468/reviews.htm?format=embedded&page=6,http://reviews.bestbuy.com/3545/5234468/reviews.htm?format=embedded,http://reviews.bestbuy.com/3545/5234468/reviews.htm?format=embedded&page=5,http://reviews.bestbuy.com/3545/5234468/reviews.htm?format=embedded&page=4,https://www.barcodable.com/upc/848719069587,http://reviews.bestbuy.com/3545/5234468/reviews.htm?format=embedded&page=3,http://www.bestbuy.com/site/products/5234468.p,http://www.bestbuy.com/site/amazon-kindle-oasis-merlot/5234468.p?skuId=5234468,http://reviews.bestbuy.com/3545/5234468/reviews.htm?format=embedded&page=2,https://www.upccodesearch.com/upc/848719069587"
AVqVGZO3nnc1JgDc3jGK,2017-03-03T16:56:05Z,2018-09-21T18:44:32Z,"Kindle Oasis E-reader with Leather Charging Cover - Merlot, 6 High-Resolution Display (300 ppi), Wi-Fi - Includes Special Offers",B00VINDBJK,Amazon,"eBook Readers,E-Readers & Accessories,Amazon Book Reader,Computers & Tablets,Amazon Ereaders,Kindle E-readers,E-Readers","Electronics,Media","https://images-na.ssl-images-amazon.com/images/I/514ZdtJAL5L.jpg,https://pisces.bbystatic.com/image2/BestBuy_US/images/products/5234/5234468_sa.jpg,http://pisces.bbystatic.com/image2/BestBuy_US/images/products/5234/5234468_sd.jpg,https://www.barcodable.com/images/barcode/0848719069587.png,http://pisces.bbystatic.com/image2/BestBuy_US/images/products/5234/5234468_sa.jpg,https://pisces.bbystatic.com/image2/BestBuy_US/images/products/5234/5234468_sd.jpg,https://www.upccodesearch.com/images/barcode/0848719069587.png","kindleoasisereaderwithleatherchargingcovermerlot6highresolutiondisplay300ppiwifiincludesspecialoffers/5234468,amazon/b00vindbjk,kindleoasisereaderwithleatherchargingcovermerlot6highresolutiondisplay300ppiwifiincludesspecialoffers/b00vindbjk,amazon/53003778,848719069587,0848719069587",Amazon,53-003778,2016-11-18T00:00:00.000Z,,"2017-03-31T00:00:00Z,2017-03-21T00:00:00Z,2017-04-26T00:00:00Z,2017-05-10T00:00:00Z,2017-06-04T00:00:00Z,2017-07-07T00:00:00Z",True,,0,5,"http://reviews.bestbuy.com/3545/5234468/reviews.htm?format=embedded&page=4,http://reviews.bestbuy.com/3545/5234468/reviews.htm?format=embedded&page=5",Kindles are an excellent device for all book lovers,A gift for booklovers,tankbuster39,"http://reviews.bestbuy.com/3545/5234468/reviews.htm?format=embedded&page=9,http://reviews.bestbuy.com/3545/5234468/reviews.htm?format=embedded&page=8,http://reviews.bestbuy.com/3545/5234468/reviews.htm?format=embedded&page=7,http://reviews.bestbuy.com/3545/5234468/reviews.htm?format=embedded&page=6,http://reviews.bestbuy.com/3545/5234468/reviews.htm?format=embedded,http://reviews.bestbuy.com/3545/5234468/reviews.htm?format=embedded&page=5,http://reviews.bestbuy.com/3545/5234468/reviews.htm?format=embedded&page=4,https://www.barcodable.com/upc/848719069587,http://reviews.bestbuy.com/3545/5234468/reviews.htm?format=embedded&page=3,http://www.bestbuy.com/site/products/5234468.p,http://www.bestbuy.com/site/amazon-kindle-oasis-merlot/5234468.p?skuId=5234468,http://reviews.bestbuy.com/3545/5234468/reviews.htm?format=embedded&page=2,https://www.upccodesearch.com/upc/848719069587"
AVqVGZO3nnc1JgDc3jGK,2017-03-03T16:56:05Z,2018-09-21T18:44:32Z,"Kindle Oasis E-reader with Leather Charging Cover - Merlot, 6 High-Resolution Display (300 ppi), Wi-Fi - Includes Special Offers",B00VINDBJK,Amazon,"eBook Readers,E-Readers & Accessories,Amazon Book Reader,Computers & Tablets,Amazon Ereaders,Kindle E-readers,E-Readers","Electronics,Media","https://images-na.ssl-images-amazon.com/images/I/514ZdtJAL5L.jpg,https://pisces.bbystatic.com/image2/BestBuy_US/images/products/5234/5234468_sa.jpg,http://pisces.bbystatic.com/image2/BestBuy_US/images/products/5234/5234468_sd.jpg,https://www.barcodable.com/images/barcode/0848719069587.png,http://pisces.bbystatic.com/image2/BestBuy_US/images/products/5234/5234468_sa.jpg,https://pisces.bbystatic.com/image2/BestBuy_US/images/products/5234/5234468_sd.jpg,https://www.upccodesearch.com/images/barcode/0848719069587.png","kindleoasisereaderwithleatherchargingcovermerlot6highresolutiondisplay300ppiwifiincludesspecialoffers/5234468,amazon/b00vindbjk,kindleoasisereaderwithleatherchargingcovermerlot6highresolutiondisplay300ppiwifiincludesspecialoffers/b00vindbjk,amazon/53003778,848719069587,0848719069587",Amazon,53-003778,2016-04-28T00:00:00.000Z,,"2017-03-31T00:00:00Z,2017-03-21T00:00:00Z,2017-03-05T00:00:00Z,2017-04-26T00:00:00Z,2017-05-10T00:00:00Z,2017-06-04T00:00:00Z,2017-07-07T00:00:00Z",True,,16,4,"http://reviews.bestbuy.com/3545/5234468/reviews.htm?format=embedded&page=7,http://reviews.bestbuy.com/3545/5234468/reviews.htm?format=embedded&page=6,http://reviews.bestbuy.com/3545/5234468/reviews.htm?format=embedded&page=8,http://reviews.bestbuy.com/3545/5234468/reviews.htm?format=embedded&page=9","I got oasis yesterday, very lighweight compared to voyager, screen size comparable, like having actual page turn button, touchscreen seems kinda slow, the on/off button on top is improvement from back of voyager. cover does seem kind of flimsy, but supposed to be leather so will see how it holds up. finding it easier to hold with cover on, then removed. cover doesn't have separate charge port, so all charging is done thru kindle.",Voyager replacement,Bobby,"http://reviews.bestbuy.com/3545/5234468/reviews.htm?format=embedded&page=9,http://reviews.bestbuy.com/3545/5234468/reviews.htm?format=embedded&page=8,http://reviews.bestbuy.com/3545/5234468/reviews.htm?format=embedded&page=7,http://reviews.bestbuy.com/3545/5234468/reviews.htm?format=embedded&page=6,http://reviews.bestbuy.com/3545/5234468/reviews.htm?format=embedded,http://reviews.bestbuy.com/3545/5234468/reviews.htm?format=embedded&page=5,http://reviews.bestbuy.com/3545/5234468/reviews.htm?format=embedded&page=4,https://www.barcodable.com/upc/848719069587,http://reviews.bestbuy.com/3545/5234468/reviews.htm?format=embedded&page=3,http://www.bestbuy.com/site/products/5234468.p,http://www.bestbuy.com/site/amazon-kindle-oasis-merlot/5234468.p?skuId=5234468,http://reviews.bestbuy.com/3545/5234468/reviews.htm?format=embedded&page=2,https://www.upccodesearch.com/upc/848719069587"
AVqVGZO3nnc1JgDc3jGK,2017-03-03T16:56:05Z,2018-09-21T18:44:32Z,"Kindle Oasis E-reader with Leather Charging Cover - Merlot, 6 High-Resolution Display (300 ppi), Wi-Fi - Includes Special Offers",B00VINDBJK,Amazon,"eBook Readers,E-Readers & Accessories,Amazon Book Reader,Computers & Tablets,Amazon Ereaders,Kindle E-readers,E-Readers","Electronics,Media","https://images-na.ssl-images-amazon.com/images/I/514ZdtJAL5L.jpg,https://pisces.bbystatic.com/image2/BestBuy_US/images/products/5234/5234468_sa.jpg,http://pisces.bbystatic.com/image2/BestBuy_US/images/products/5234/5234468_sd.jpg,https://www.barcodable.com/images/barcode/0848719069587.png,http://pisces.bbystatic.com/image2/BestBuy_US/images/products/5234/5234468_sa.jpg,https://pisces.bbystatic.com/image2/BestBuy_US/images/products/5234/5234468_sd.jpg,https://www.upccodesearch.com/images/barcode/0848719069587.png","kindleoasisereaderwithleatherchargingcovermerlot6highresolutiondisplay300ppiwifiincludesspecialoffers/5234468,amazon/b00vindbjk,kindleoasisereaderwithleatherchargingcovermerlot6highresolutiondisplay300ppiwifiincludesspecialoffers/b00vindbjk,amazon/53003778,848719069587,0848719069587",Amazon,53-003778,2016-12-07T00:00:00.000Z,,"2017-04-26T00:00:00Z,2017-05-10T00:00:00Z,2017-06-04T00:00:00Z,2017-07-07T00:00:00Z",True,,0,5,"http://reviews.bestbuy.com/3545/5234468/reviews.htm?format=embedded&page=4,http://reviews.bestbuy.com/3545/5234468/reviews.htm?format=embedded&page=5",Bought for my wife to upgrade from the original Kindle that she has worn out. Big step up from the original and should be good for another 8-10 years.,Great E-Reader,Olds442,"http://reviews.bestbuy.com/3545/5234468/reviews.htm?format=embedded&page=9,http://reviews.bestbuy.com/3545/5234468/reviews.htm?format=embedded&page=8,http://reviews.bestbuy.com/3545/5234468/reviews.htm?format=embedded&page=7,http://reviews.bestbuy.com/3545/5234468/reviews.htm?format=embedded&page=6,http://reviews.bestbuy.com/3545/5234468/reviews.htm?format=embedded,http://reviews.bestbuy.com/3545/5234468/reviews.htm?format=embedded&page=5,http://reviews.bestbuy.com/3545/5234468/reviews.htm?format=embedded&page=4,https://www.barcodable.com/upc/848719069587,http://reviews.bestbuy.com/3545/5234468/reviews.htm?format=embedded&page=3,http://www.bestbuy.com/site/products/5234468.p,http://www.bestbuy.com/site/amazon-kindle-oasis-merlot/5234468.p?skuId=5234468,http://reviews.bestbuy.com/3545/5234468/reviews.htm?format=embedded&page=2,https://www.upccodesearch.com/upc/848719069587"
AVqVGZO3nnc1JgDc3jGK,2017-03-03T16:56:05Z,2018-09-21T18:44:32Z,"Kindle Oasis E-reader with Leather Charging Cover - Merlot, 6 High-Resolution Display (300 ppi), Wi-Fi - Includes Special Offers",B00VINDBJK,Amazon,"eBook Readers,E-Readers & Accessories,Amazon Book Reader,Computers & Tablets,Amazon Ereaders,Kindle E-readers,E-Readers","Electronics,Media","https://images-na.ssl-images-amazon.com/images/I/514ZdtJAL5L.jpg,https://pisces.bbystatic.com/image2/BestBuy_US/images/products/5234/5234468_sa.jpg,http://pisces.bbystatic.com/image2/BestBuy_US/images/products/5234/5234468_sd.jpg,https://www.barcodable.com/images/barcode/0848719069587.png,http://pisces.bbystatic.com/image2/BestBuy_US/images/products/5234/5234468_sa.jpg,https://pisces.bbystatic.com/image2/BestBuy_US/images/products/5234/5234468_sd.jpg,https://www.upccodesearch.com/images/barcode/0848719069587.png","kindleoasisereaderwithleatherchargingcovermerlot6highresolutiondisplay300ppiwifiincludesspecialoffers/5234468,amazon/b00vindbjk,kindleoasisereaderwithleatherchargingcovermerlot6highresolutiondisplay300ppiwifiincludesspecialoffers/b00vindbjk,amazon/53003778,848719069587,0848719069587",Amazon,53-003778,2016-05-23T00:00:00.000Z,,"2017-03-05T00:00:00Z,2017-04-26T00:00:00Z,2017-05-10T00:00:00Z,2017-06-04T00:00:00Z,2017-07-07T00:00:00Z",True,,15,5,"http://reviews.bestbuy.com/3545/5234468/reviews.htm?format=embedded&page=6,http://reviews.bestbuy.com/3545/5234468/reviews.htm?format=embedded&page=7,http://reviews.bestbuy.com/3545/5234468/reviews.htm?format=embedded&page=8","When they first announced the Kindle Oasis, I did not have much of a desire to upgrade from my 1st generation Kindle Paperwhite. Just as I felt when they announced the Voyage.I read a lot, so my Kindle travels with me throughout the day most of the time. I have never had an issue with battery life, I have only had it get really low a few times (typically when I was traveling). So again, I originally did not see a lot of the value to the Oasis.As the reviews for the Oasis came out, I started to realize what I did not like about my Paperwhite, and I began to have an interest in upgrading my Paperwhite to the either the Oasis or possibly the Voyage. The main thing I noticed is that I took my Paperwhite out of the Amazon case quite a lot, especially when I was in a seated position. This slight reduction in weight made it much more comfortable to hold for longer reading sessions. I had some other minor issues with my Paperwhite, like when reading in the dark, I couldn't find an adjustment for the light that I preferred (5 was a little too dim and 6 was a brighter than I needed). I decided to pass on the Voyage because I really did not like the case options and the pressure sensitive page turn option.Now that I have the Oasis, I definitely think it was worth it for me. I really appreciate the reduced weight when the cover is off (not to mention the ease of removing the cover compared to the Paperwhite). It provides the same reading experience, although I did get a resolution upgrade compared to my older Paperwhite, which is a plus.The Oasis is really comfortable in my hand, which helps me forget that it is there. When I was holding my Paperwhite with my left hand, at times I would accidentally go back a page, which drove me crazy even though its just a minor inconvenience.I have the black model because it was the only option available unless I was willing to wait a few more months. The build quality of the Oasis and its case is very nice, just like with the Paperwhite and the amazon leather case for it. The only concern I have is how well it will protect the Kindle. I will update the review if I find this to be a problem.I loved my Paperwhite, and I will recommend it to anyone looking to upgrade from an older Kindle or buying one for the first time. It definitely is great and the better buy, but I am glad I decided to order the Oasis. The reduced weight, ergonomic design, and page turn buttons make it worth the added cost.","Not for Everyone, but I love it.",Want300,"http://reviews.bestbuy.com/3545/5234468/reviews.htm?format=embedded&page=9,http://reviews.bestbuy.com/3545/5234468/reviews.htm?format=embedded&page=8,http://reviews.bestbuy.com/3545/5234468/reviews.htm?format=embedded&page=7,http://reviews.bestbuy.com/3545/5234468/reviews.htm?format=embedded&page=6,http://reviews.bestbuy.com/3545/5234468/reviews.htm?format=embedded,http://reviews.bestbuy.com/3545/5234468/reviews.htm?format=embedded&page=5,http://reviews.bestbuy.com/3545/5234468/reviews.htm?format=embedded&page=4,https://www.barcodable.com/upc/848719069587,http://reviews.bestbuy.com/3545/5234468/reviews.htm?format=embedded&page=3,http://www.bestbuy.com/site/products/5234468.p,http://www.bestbuy.com/site/amazon-kindle-oasis-merlot/5234468.p?skuId=5234468,http://reviews.bestbuy.com/3545/5234468/reviews.htm?format=embedded&page=2,https://www.upccodesearch.com/upc/848719069587"
AVqVGZO3nnc1JgDc3jGK,2017-03-03T16:56:05Z,2018-09-21T18:44:32Z,"Kindle Oasis E-reader with Leather Charging Cover - Merlot, 6 High-Resolution Display (300 ppi), Wi-Fi - Includes Special Offers",B00VINDBJK,Amazon,"eBook Readers,E-Readers & Accessories,Amazon Book Reader,Computers & Tablets,Amazon Ereaders,Kindle E-readers,E-Readers","Electronics,Media","https://images-na.ssl-images-amazon.com/images/I/514ZdtJAL5L.jpg,https://pisces.bbystatic.com/image2/BestBuy_US/images/products/5234/5234468_sa.jpg,http://pisces.bbystatic.com/image2/BestBuy_US/images/products/5234/5234468_sd.jpg,https://www.barcodable.com/images/barcode/0848719069587.png,http://pisces.bbystatic.com/image2/BestBuy_US/images/products/5234/5234468_sa.jpg,https://pisces.bbystatic.com/image2/BestBuy_US/images/products/5234/5234468_sd.jpg,https://www.upccodesearch.com/images/barcode/0848719069587.png","kindleoasisereaderwithleatherchargingcovermerlot6highresolutiondisplay300ppiwifiincludesspecialoffers/5234468,amazon/b00vindbjk,kindleoasisereaderwithleatherchargingcovermerlot6highresolutiondisplay300ppiwifiincludesspecialoffers/b00vindbjk,amazon/53003778,848719069587,0848719069587",Amazon,53-003778,2017-02-03T00:00:00.000Z,,"2017-03-31T00:00:00Z,2017-03-04T00:00:00Z,2017-04-26T00:00:00Z,2017-05-10T00:00:00Z,2017-06-04T00:00:00Z,2017-07-07T00:00:00Z",True,,0,5,"http://reviews.bestbuy.com/3545/5234468/reviews.htm?format=embedded&page=2,http://reviews.bestbuy.com/3545/5234468/reviews.htm?format=embedded,http://reviews.bestbuy.com/3545/5234468/reviews.htm?format=embedded&page=3,http://reviews.bestbuy.com/3545/5234468/reviews.htm?format=embedded&page=4","Small, light, but comfortable to hold with either hand. If you keep it in airplane mode with medium lighting, the battery last for weeks. Lovin' it so far.",The best Kindle yet,dempshw,"http://reviews.bestbuy.com/3545/5234468/reviews.htm?format=embedded&page=9,http://reviews.bestbuy.com/3545/5234468/reviews.htm?format=embedded&page=8,http://reviews.bestbuy.com/3545/5234468/reviews.htm?format=embedded&page=7,http://reviews.bestbuy.com/3545/5234468/reviews.htm?format=embedded&page=6,http://reviews.bestbuy.com/3545/5234468/reviews.htm?format=embedded,http://reviews.bestbuy.com/3545/5234468/reviews.htm?format=embedded&page=5,http://reviews.bestbuy.com/3545/5234468/reviews.htm?format=embedded&page=4,https://www.barcodable.com/upc/848719069587,http://reviews.bestbuy.com/3545/5234468/reviews.htm?format=embedded&page=3,http://www.bestbuy.com/site/products/5234468.p,http://www.bestbuy.com/site/amazon-kindle-oasis-merlot/5234468.p?skuId=5234468,http://reviews.bestbuy.com/3545/5234468/reviews.htm?format=embedded&page=2,https://www.upccodesearch.com/upc/848719069587"
AVqVGZO3nnc1JgDc3jGK,2017-03-03T16:56:05Z,2018-09-21T18:44:32Z,"Kindle Oasis E-reader with Leather Charging Cover - Merlot, 6 High-Resolution Display (300 ppi), Wi-Fi - Includes Special Offers",B00VINDBJK,Amazon,"eBook Readers,E-Readers & Accessories,Amazon Book Reader,Computers & Tablets,Amazon Ereaders,Kindle E-readers,E-Readers","Electronics,Media","https://images-na.ssl-images-amazon.com/images/I/514ZdtJAL5L.jpg,https://pisces.bbystatic.com/image2/BestBuy_US/images/products/5234/5234468_sa.jpg,http://pisces.bbystatic.com/image2/BestBuy_US/images/products/5234/5234468_sd.jpg,https://www.barcodable.com/images/barcode/0848719069587.png,http://pisces.bbystatic.com/image2/BestBuy_US/images/products/5234/5234468_sa.jpg,https://pisces.bbystatic.com/image2/BestBuy_US/images/products/5234/5234468_sd.jpg,https://www.upccodesearch.com/images/barcode/0848719069587.png","kindleoasisereaderwithleatherchargingcovermerlot6highresolutiondisplay300ppiwifiincludesspecialoffers/5234468,amazon/b00vindbjk,kindleoasisereaderwithleatherchargingcovermerlot6highresolutiondisplay300ppiwifiincludesspecialoffers/b00vindbjk,amazon/53003778,848719069587,0848719069587",Amazon,53-003778,2016-05-27T00:00:00.000Z,,"2017-04-26T00:00:00Z,2017-05-10T00:00:00Z,2017-06-04T00:00:00Z,2017-07-07T00:00:00Z",True,,3,5,"http://reviews.bestbuy.com/3545/5234468/reviews.htm?format=embedded&page=7,http://reviews.bestbuy.com/3545/5234468/reviews.htm?format=embedded&page=8","This is my third Kindle. The best differentiator is the form factor. Definite improvement over the paperwhite. Also like having the page-turn buttons back. Case is very cool indeed. If you can get past the jump in price (remember you're not having to buy the case separately), it's a quality product to have.",Best Kindle yet,ssc6,"http://reviews.bestbuy.com/3545/5234468/reviews.htm?format=embedded&page=9,http://reviews.bestbuy.com/3545/5234468/reviews.htm?format=embedded&page=8,http://reviews.bestbuy.com/3545/5234468/reviews.htm?format=embedded&page=7,http://reviews.bestbuy.com/3545/5234468/reviews.htm?format=embedded&page=6,http://reviews.bestbuy.com/3545/5234468/reviews.htm?format=embedded,http://reviews.bestbuy.com/3545/5234468/reviews.htm?format=embedded&page=5,http://reviews.bestbuy.com/3545/5234468/reviews.htm?format=embedded&page=4,https://www.barcodable.com/upc/848719069587,http://reviews.bestbuy.com/3545/5234468/reviews.htm?format=embedded&page=3,http://www.bestbuy.com/site/products/5234468.p,http://www.bestbuy.com/site/amazon-kindle-oasis-merlot/5234468.p?skuId=5234468,http://reviews.bestbuy.com/3545/5234468/reviews.htm?format=embedded&page=2,https://www.upccodesearch.com/upc/848719069587"
AVqVGZO3nnc1JgDc3jGK,2017-03-03T16:56:05Z,2018-09-21T18:44:32Z,"Kindle Oasis E-reader with Leather Charging Cover - Merlot, 6 High-Resolution Display (300 ppi), Wi-Fi - Includes Special Offers",B00VINDBJK,Amazon,"eBook Readers,E-Readers & Accessories,Amazon Book Reader,Computers & Tablets,Amazon Ereaders,Kindle E-readers,E-Readers","Electronics,Media","https://images-na.ssl-images-amazon.com/images/I/514ZdtJAL5L.jpg,https://pisces.bbystatic.com/image2/BestBuy_US/images/products/5234/5234468_sa.jpg,http://pisces.bbystatic.com/image2/BestBuy_US/images/products/5234/5234468_sd.jpg,https://www.barcodable.com/images/barcode/0848719069587.png,http://pisces.bbystatic.com/image2/BestBuy_US/images/products/5234/5234468_sa.jpg,https://pisces.bbystatic.com/image2/BestBuy_US/images/products/5234/5234468_sd.jpg,https://www.upccodesearch.com/images/barcode/0848719069587.png","kindleoasisereaderwithleatherchargingcovermerlot6highresolutiondisplay300ppiwifiincludesspecialoffers/5234468,amazon/b00vindbjk,kindleoasisereaderwithleatherchargingcovermerlot6highresolutiondisplay300ppiwifiincludesspecialoffers/b00vindbjk,amazon/53003778,848719069587,0848719069587",Amazon,53-003778,2016-05-02T00:00:00.000Z,,"2017-03-31T00:00:00Z,2017-03-21T00:00:00Z,2017-03-05T00:00:00Z,2017-04-26T00:00:00Z,2017-05-10T00:00:00Z,2017-06-04T00:00:00Z,2017-07-07T00:00:00Z",True,,10,5,"http://reviews.bestbuy.com/3545/5234468/reviews.htm?format=embedded&page=7,http://reviews.bestbuy.com/3545/5234468/reviews.htm?format=embedded&page=6,http://reviews.bestbuy.com/3545/5234468/reviews.htm?format=embedded&page=8","I have had every kindle since the first and this is by far the best. The screen was already great on the Voyage but the front light on this screen is more white and more evenly distributed. Physical page turn buttons are so much better than none or the haptic feedback type. They didn't include the automatically adaptive front light for some reason but I don't think I'll miss it much as I was always wont to fiddle with it on the Voyage anyway.But this device made me smile as soon as I held it for the first time because it has a larger bezel that you can really grip comfortably without touching the screen. Maybe this isn't a big deal for most, but that is exactly why I spent the money to get this device.The other thing I was hoping for was the ability to use the upper page turn button to go forward and this device does that and even better because it is software configurable.The cover is very small and light and doesn't add much bulk like the Voyage Origami case does. The only downside is that it doesn't work as a hands free stand for reading.(I still wish it was waterproof)",Amazon got it right this time,Chris,"http://reviews.bestbuy.com/3545/5234468/reviews.htm?format=embedded&page=9,http://reviews.bestbuy.com/3545/5234468/reviews.htm?format=embedded&page=8,http://reviews.bestbuy.com/3545/5234468/reviews.htm?format=embedded&page=7,http://reviews.bestbuy.com/3545/5234468/reviews.htm?format=embedded&page=6,http://reviews.bestbuy.com/3545/5234468/reviews.htm?format=embedded,http://reviews.bestbuy.com/3545/5234468/reviews.htm?format=embedded&page=5,http://reviews.bestbuy.com/3545/5234468/reviews.htm?format=embedded&page=4,https://www.barcodable.com/upc/848719069587,http://reviews.bestbuy.com/3545/5234468/reviews.htm?format=embedded&page=3,http://www.bestbuy.com/site/products/5234468.p,http://www.bestbuy.com/site/amazon-kindle-oasis-merlot/5234468.p?skuId=5234468,http://reviews.bestbuy.com/3545/5234468/reviews.htm?format=embedded&page=2,https://www.upccodesearch.com/upc/848719069587"
AVqVGZO3nnc1JgDc3jGK,2017-03-03T16:56:05Z,2018-09-21T18:44:32Z,"Kindle Oasis E-reader with Leather Charging Cover - Merlot, 6 High-Resolution Display (300 ppi), Wi-Fi - Includes Special Offers",B00VINDBJK,Amazon,"eBook Readers,E-Readers & Accessories,Amazon Book Reader,Computers & Tablets,Amazon Ereaders,Kindle E-readers,E-Readers","Electronics,Media","https://images-na.ssl-images-amazon.com/images/I/514ZdtJAL5L.jpg,https://pisces.bbystatic.com/image2/BestBuy_US/images/products/5234/5234468_sa.jpg,http://pisces.bbystatic.com/image2/BestBuy_US/images/products/5234/5234468_sd.jpg,https://www.barcodable.com/images/barcode/0848719069587.png,http://pisces.bbystatic.com/image2/BestBuy_US/images/products/5234/5234468_sa.jpg,https://pisces.bbystatic.com/image2/BestBuy_US/images/products/5234/5234468_sd.jpg,https://www.upccodesearch.com/images/barcode/0848719069587.png","kindleoasisereaderwithleatherchargingcovermerlot6highresolutiondisplay300ppiwifiincludesspecialoffers/5234468,amazon/b00vindbjk,kindleoasisereaderwithleatherchargingcovermerlot6highresolutiondisplay300ppiwifiincludesspecialoffers/b00vindbjk,amazon/53003778,848719069587,0848719069587",Amazon,53-003778,2017-06-21T00:00:00.000Z,,"2017-07-09T00:00:00Z,2017-07-07T00:00:00Z",True,,0,5,http://reviews.bestbuy.com/3545/5234468/reviews.htm?format=embedded,"Replacing older reader without a light and traveling overseas soon. With electronics in the cabin under scrutiny, this very small and very lightweight reader fits the bill! Perfect in small purses and large pockets. I can read without annoying seatmate with cabin overhead seat light. Easy to hold in either hand and screen adjusts for whichever direction you're holding it.",Great size,Bbshop,"http://reviews.bestbuy.com/3545/5234468/reviews.htm?format=embedded&page=9,http://reviews.bestbuy.com/3545/5234468/reviews.htm?format=embedded&page=8,http://reviews.bestbuy.com/3545/5234468/reviews.htm?format=embedded&page=7,http://reviews.bestbuy.com/3545/5234468/reviews.htm?format=embedded&page=6,http://reviews.bestbuy.com/3545/5234468/reviews.htm?format=embedded,http://reviews.bestbuy.com/3545/5234468/reviews.htm?format=embedded&page=5,http://reviews.bestbuy.com/3545/5234468/reviews.htm?format=embedded&page=4,https://www.barcodable.com/upc/848719069587,http://reviews.bestbuy.com/3545/5234468/reviews.htm?format=embedded&page=3,http://www.bestbuy.com/site/products/5234468.p,http://www.bestbuy.com/site/amazon-kindle-oasis-merlot/5234468.p?skuId=5234468,http://reviews.bestbuy.com/3545/5234468/reviews.htm?format=embedded&page=2,https://www.upccodesearch.com/upc/848719069587"
AVqVGZO3nnc1JgDc3jGK,2017-03-03T16:56:05Z,2018-09-21T18:44:32Z,"Kindle Oasis E-reader with Leather Charging Cover - Merlot, 6 High-Resolution Display (300 ppi), Wi-Fi - Includes Special Offers",B00VINDBJK,Amazon,"eBook Readers,E-Readers & Accessories,Amazon Book Reader,Computers & Tablets,Amazon Ereaders,Kindle E-readers,E-Readers","Electronics,Media","https://images-na.ssl-images-amazon.com/images/I/514ZdtJAL5L.jpg,https://pisces.bbystatic.com/image2/BestBuy_US/images/products/5234/5234468_sa.jpg,http://pisces.bbystatic.com/image2/BestBuy_US/images/products/5234/5234468_sd.jpg,https://www.barcodable.com/images/barcode/0848719069587.png,http://pisces.bbystatic.com/image2/BestBuy_US/images/products/5234/5234468_sa.jpg,https://pisces.bbystatic.com/image2/BestBuy_US/images/products/5234/5234468_sd.jpg,https://www.upccodesearch.com/images/barcode/0848719069587.png","kindleoasisereaderwithleatherchargingcovermerlot6highresolutiondisplay300ppiwifiincludesspecialoffers/5234468,amazon/b00vindbjk,kindleoasisereaderwithleatherchargingcovermerlot6highresolutiondisplay300ppiwifiincludesspecialoffers/b00vindbjk,amazon/53003778,848719069587,0848719069587",Amazon,53-003778,2016-05-28T00:00:00.000Z,,"2017-04-26T00:00:00Z,2017-05-10T00:00:00Z,2017-06-04T00:00:00Z,2017-07-07T00:00:00Z",True,,5,5,"http://reviews.bestbuy.com/3545/5234468/reviews.htm?format=embedded&page=6,http://reviews.bestbuy.com/3545/5234468/reviews.htm?format=embedded&page=7",This is my 4th kindle and is easily the best one I've ever had. It is very comfortable to hold and is very compact. I was surprised how small it is but has the same screen size as my other kindles. It may look costly at first but remember you are getting a cover with additional battery.,Best kindle yet,somileo,"http://reviews.bestbuy.com/3545/5234468/reviews.htm?format=embedded&page=9,http://reviews.bestbuy.com/3545/5234468/reviews.htm?format=embedded&page=8,http://reviews.bestbuy.com/3545/5234468/reviews.htm?format=embedded&page=7,http://reviews.bestbuy.com/3545/5234468/reviews.htm?format=embedded&page=6,http://reviews.bestbuy.com/3545/5234468/reviews.htm?format=embedded,http://reviews.bestbuy.com/3545/5234468/reviews.htm?format=embedded&page=5,http://reviews.bestbuy.com/3545/5234468/reviews.htm?format=embedded&page=4,https://www.barcodable.com/upc/848719069587,http://reviews.bestbuy.com/3545/5234468/reviews.htm?format=embedded&page=3,http://www.bestbuy.com/site/products/5234468.p,http://www.bestbuy.com/site/amazon-kindle-oasis-merlot/5234468.p?skuId=5234468,http://reviews.bestbuy.com/3545/5234468/reviews.htm?format=embedded&page=2,https://www.upccodesearch.com/upc/848719069587"
